{
  "analysis": "token",
  "classifier_type": "logistic",
  "layer_idx": 27,
  "poolings": [
    "last",
    "first",
    "mean"
  ],
  "num_seeds": 3,
  "seeds": [
    42,
    123,
    2024
  ],
  "selection_metric": "accuracy",
  "per_pooling": [
    {
      "pooling": "last",
      "val_summary": {
        "accuracy": {
          "mean": 0.7480190174326465,
          "std": 0.0
        },
        "macro_f1": {
          "mean": 0.7479557153300624,
          "std": 0.0
        },
        "auroc": {
          "mean": 0.8372079005003115,
          "std": 0.0
        }
      },
      "test_summary": {
        "accuracy": {
          "mean": 0.7432646592709983,
          "std": 1.3597399555105182e-16
        },
        "macro_f1": {
          "mean": 0.7432588559143242,
          "std": 0.0
        },
        "auroc": {
          "mean": 0.827714038859531,
          "std": 0.0
        }
      },
      "per_seed": [
        {
          "seed": 42,
          "val": {
            "accuracy": 0.7480190174326465,
            "macro_f1": 0.7479557153300624,
            "auroc": 0.8372079005003115
          },
          "test": {
            "accuracy": 0.7432646592709984,
            "macro_f1": 0.7432588559143242,
            "auroc": 0.827714038859531
          }
        },
        {
          "seed": 123,
          "val": {
            "accuracy": 0.7480190174326465,
            "macro_f1": 0.7479557153300624,
            "auroc": 0.8372079005003115
          },
          "test": {
            "accuracy": 0.7432646592709984,
            "macro_f1": 0.7432588559143242,
            "auroc": 0.827714038859531
          }
        },
        {
          "seed": 2024,
          "val": {
            "accuracy": 0.7480190174326465,
            "macro_f1": 0.7479557153300624,
            "auroc": 0.8372079005003115
          },
          "test": {
            "accuracy": 0.7432646592709984,
            "macro_f1": 0.7432588559143242,
            "auroc": 0.827714038859531
          }
        }
      ]
    },
    {
      "pooling": "first",
      "val_summary": {
        "accuracy": {
          "mean": 0.40729001584786056,
          "std": 0.0
        },
        "macro_f1": {
          "mean": 0.4065014888137776,
          "std": 6.798699777552591e-17
        },
        "auroc": {
          "mean": 0.3295625791155137,
          "std": 0.0
        }
      },
      "test_summary": {
        "accuracy": {
          "mean": 0.38668779714738505,
          "std": 6.798699777552591e-17
        },
        "macro_f1": {
          "mean": 0.38594135441576966,
          "std": 6.798699777552591e-17
        },
        "auroc": {
          "mean": 0.32511201752094676,
          "std": 0.0
        }
      },
      "per_seed": [
        {
          "seed": 42,
          "val": {
            "accuracy": 0.40729001584786056,
            "macro_f1": 0.40650148881377757,
            "auroc": 0.3295625791155137
          },
          "test": {
            "accuracy": 0.3866877971473851,
            "macro_f1": 0.3859413544157696,
            "auroc": 0.32511201752094676
          }
        },
        {
          "seed": 123,
          "val": {
            "accuracy": 0.40729001584786056,
            "macro_f1": 0.40650148881377757,
            "auroc": 0.3295625791155137
          },
          "test": {
            "accuracy": 0.3866877971473851,
            "macro_f1": 0.3859413544157696,
            "auroc": 0.32511201752094676
          }
        },
        {
          "seed": 2024,
          "val": {
            "accuracy": 0.40729001584786056,
            "macro_f1": 0.40650148881377757,
            "auroc": 0.3295625791155137
          },
          "test": {
            "accuracy": 0.3866877971473851,
            "macro_f1": 0.3859413544157696,
            "auroc": 0.32511201752094676
          }
        }
      ]
    },
    {
      "pooling": "mean",
      "val_summary": {
        "accuracy": {
          "mean": 0.716323296354992,
          "std": 0.0
        },
        "macro_f1": {
          "mean": 0.7163204464570508,
          "std": 0.0
        },
        "auroc": {
          "mean": 0.7676264341256606,
          "std": 0.0
        }
      },
      "test_summary": {
        "accuracy": {
          "mean": 0.7020602218700476,
          "std": 0.0
        },
        "macro_f1": {
          "mean": 0.7019995980707397,
          "std": 1.3597399555105182e-16
        },
        "auroc": {
          "mean": 0.7653258052201167,
          "std": 1.3597399555105182e-16
        }
      },
      "per_seed": [
        {
          "seed": 42,
          "val": {
            "accuracy": 0.716323296354992,
            "macro_f1": 0.7163204464570508,
            "auroc": 0.7676264341256606
          },
          "test": {
            "accuracy": 0.7020602218700476,
            "macro_f1": 0.7019995980707396,
            "auroc": 0.7653258052201168
          }
        },
        {
          "seed": 123,
          "val": {
            "accuracy": 0.716323296354992,
            "macro_f1": 0.7163204464570508,
            "auroc": 0.7676264341256606
          },
          "test": {
            "accuracy": 0.7020602218700476,
            "macro_f1": 0.7019995980707396,
            "auroc": 0.7653258052201168
          }
        },
        {
          "seed": 2024,
          "val": {
            "accuracy": 0.716323296354992,
            "macro_f1": 0.7163204464570508,
            "auroc": 0.7676264341256606
          },
          "test": {
            "accuracy": 0.7020602218700476,
            "macro_f1": 0.7019995980707396,
            "auroc": 0.7653258052201168
          }
        }
      ]
    }
  ],
  "best_pooling": {
    "pooling": "last",
    "val_summary": {
      "accuracy": {
        "mean": 0.7480190174326465,
        "std": 0.0
      },
      "macro_f1": {
        "mean": 0.7479557153300624,
        "std": 0.0
      },
      "auroc": {
        "mean": 0.8372079005003115,
        "std": 0.0
      }
    },
    "test_summary": {
      "accuracy": {
        "mean": 0.7432646592709983,
        "std": 1.3597399555105182e-16
      },
      "macro_f1": {
        "mean": 0.7432588559143242,
        "std": 0.0
      },
      "auroc": {
        "mean": 0.827714038859531,
        "std": 0.0
      }
    }
  },
  "runtime": {
    "python": "3.10.20",
    "platform": "Windows-10-10.0.19045-SP0",
    "torch": "2.6.0+cu124",
    "cuda_available": true,
    "cuda_version": "12.4",
    "gpu_name": "NVIDIA GeForce RTX 4060 Laptop GPU",
    "transformers": "4.57.6",
    "scikit_learn": "1.7.2",
    "model_device": "cuda:0",
    "model_dtype": "torch.float16",
    "model_config_dtype": "torch.float16"
  }
}