{
  "analysis": "token",
  "classifier_type": "logistic",
  "layer_idx": 27,
  "poolings": [
    "last",
    "first",
    "mean"
  ],
  "num_seeds": 3,
  "seeds": [
    42,
    123,
    2024
  ],
  "selection_metric": "accuracy",
  "per_pooling": [
    {
      "pooling": "last",
      "val_summary": {
        "accuracy": {
          "mean": 0.7575277337559431,
          "std": 1.3597399555105182e-16
        },
        "macro_f1": {
          "mean": 0.7574887527411661,
          "std": 0.0
        },
        "auroc": {
          "mean": 0.836544837147622,
          "std": 1.3597399555105182e-16
        }
      },
      "test_summary": {
        "accuracy": {
          "mean": 0.7496038034865293,
          "std": 0.0
        },
        "macro_f1": {
          "mean": 0.7496031746031746,
          "std": 0.0
        },
        "auroc": {
          "mean": 0.826488376298499,
          "std": 1.3597399555105182e-16
        }
      },
      "per_seed": [
        {
          "seed": 42,
          "val": {
            "accuracy": 0.757527733755943,
            "macro_f1": 0.7574887527411661,
            "auroc": 0.8365448371476221
          },
          "test": {
            "accuracy": 0.7496038034865293,
            "macro_f1": 0.7496031746031746,
            "auroc": 0.8264883762984991
          }
        },
        {
          "seed": 123,
          "val": {
            "accuracy": 0.757527733755943,
            "macro_f1": 0.7574887527411661,
            "auroc": 0.8365448371476221
          },
          "test": {
            "accuracy": 0.7496038034865293,
            "macro_f1": 0.7496031746031746,
            "auroc": 0.8264883762984991
          }
        },
        {
          "seed": 2024,
          "val": {
            "accuracy": 0.757527733755943,
            "macro_f1": 0.7574887527411661,
            "auroc": 0.8365448371476221
          },
          "test": {
            "accuracy": 0.7496038034865293,
            "macro_f1": 0.7496031746031746,
            "auroc": 0.8264883762984991
          }
        }
      ]
    },
    {
      "pooling": "first",
      "val_summary": {
        "accuracy": {
          "mean": 0.4358161648177496,
          "std": 0.0
        },
        "macro_f1": {
          "mean": 0.4358034117623421,
          "std": 6.798699777552591e-17
        },
        "auroc": {
          "mean": 0.375590226848038,
          "std": 0.0
        }
      },
      "test_summary": {
        "accuracy": {
          "mean": 0.41996830427892234,
          "std": 0.0
        },
        "macro_f1": {
          "mean": 0.41972200446240127,
          "std": 0.0
        },
        "auroc": {
          "mean": 0.3794430267837409,
          "std": 6.798699777552591e-17
        }
      },
      "per_seed": [
        {
          "seed": 42,
          "val": {
            "accuracy": 0.4358161648177496,
            "macro_f1": 0.43580341176234205,
            "auroc": 0.375590226848038
          },
          "test": {
            "accuracy": 0.41996830427892234,
            "macro_f1": 0.41972200446240127,
            "auroc": 0.37944302678374087
          }
        },
        {
          "seed": 123,
          "val": {
            "accuracy": 0.4358161648177496,
            "macro_f1": 0.43580341176234205,
            "auroc": 0.375590226848038
          },
          "test": {
            "accuracy": 0.41996830427892234,
            "macro_f1": 0.41972200446240127,
            "auroc": 0.37944302678374087
          }
        },
        {
          "seed": 2024,
          "val": {
            "accuracy": 0.4358161648177496,
            "macro_f1": 0.43580341176234205,
            "auroc": 0.375590226848038
          },
          "test": {
            "accuracy": 0.41996830427892234,
            "macro_f1": 0.41972200446240127,
            "auroc": 0.37944302678374087
          }
        }
      ]
    },
    {
      "pooling": "mean",
      "val_summary": {
        "accuracy": {
          "mean": 0.7194928684627575,
          "std": 0.0
        },
        "macro_f1": {
          "mean": 0.7194675039246468,
          "std": 0.0
        },
        "auroc": {
          "mean": 0.7675058771524443,
          "std": 0.0
        }
      },
      "test_summary": {
        "accuracy": {
          "mean": 0.705229793977813,
          "std": 0.0
        },
        "macro_f1": {
          "mean": 0.7051935133831687,
          "std": 1.3597399555105182e-16
        },
        "auroc": {
          "mean": 0.7636380075950893,
          "std": 0.0
        }
      },
      "per_seed": [
        {
          "seed": 42,
          "val": {
            "accuracy": 0.7194928684627575,
            "macro_f1": 0.7194675039246468,
            "auroc": 0.7675058771524443
          },
          "test": {
            "accuracy": 0.705229793977813,
            "macro_f1": 0.7051935133831686,
            "auroc": 0.7636380075950893
          }
        },
        {
          "seed": 123,
          "val": {
            "accuracy": 0.7194928684627575,
            "macro_f1": 0.7194675039246468,
            "auroc": 0.7675058771524443
          },
          "test": {
            "accuracy": 0.705229793977813,
            "macro_f1": 0.7051935133831686,
            "auroc": 0.7636380075950893
          }
        },
        {
          "seed": 2024,
          "val": {
            "accuracy": 0.7194928684627575,
            "macro_f1": 0.7194675039246468,
            "auroc": 0.7675058771524443
          },
          "test": {
            "accuracy": 0.705229793977813,
            "macro_f1": 0.7051935133831686,
            "auroc": 0.7636380075950893
          }
        }
      ]
    }
  ],
  "best_pooling": {
    "pooling": "last",
    "val_summary": {
      "accuracy": {
        "mean": 0.7575277337559431,
        "std": 1.3597399555105182e-16
      },
      "macro_f1": {
        "mean": 0.7574887527411661,
        "std": 0.0
      },
      "auroc": {
        "mean": 0.836544837147622,
        "std": 1.3597399555105182e-16
      }
    },
    "test_summary": {
      "accuracy": {
        "mean": 0.7496038034865293,
        "std": 0.0
      },
      "macro_f1": {
        "mean": 0.7496031746031746,
        "std": 0.0
      },
      "auroc": {
        "mean": 0.826488376298499,
        "std": 1.3597399555105182e-16
      }
    }
  },
  "runtime": {
    "python": "3.10.20",
    "platform": "Linux-6.8.0-84-generic-x86_64-with-glibc2.35",
    "torch": "2.6.0+cu124",
    "cuda_available": true,
    "cuda_version": "12.4",
    "gpu_name": "NVIDIA GeForce RTX 3090",
    "transformers": "4.57.6",
    "scikit_learn": "1.7.2",
    "model_device": "cuda:0",
    "model_dtype": "torch.bfloat16",
    "model_config_dtype": "torch.bfloat16"
  }
}