{
  "method": "PPL",
  "threshold": 232.4320526123047,
  "val": {
    "accuracy": 0.5356576862123613,
    "macro_f1": 0.43158571116733946,
    "auroc": 0.6576382888946934
  },
  "test": {
    "accuracy": 0.5293185419968305,
    "macro_f1": 0.4179635697315092,
    "auroc": 0.67837408828789
  },
  "train": {
    "accuracy": 0.5335843075094115,
    "macro_f1": 0.4286407766990291,
    "auroc": 0.6694549085305911
  }
}