{
    "method": "PPL",
    "threshold": 3.002842664718628,
    "val": {
        "accuracy": 0.49920760697305866,
        "macro_f1": 0.3357717727321181,
        "auroc": 0.6576382888946934
    },
    "test": {
        "accuracy": 0.49920760697305866,
        "macro_f1": 0.3357717727321181,
        "auroc": 0.67837408828789
    },
    "train": {
        "accuracy": 0.4991083812165643,
        "macro_f1": 0.33676335433431065,
        "auroc": 0.6694553796500274
    }
}