{
  "method": "SAPLMA (mlp)",
  "layer_idx": 27,
  "pooling": "last",
  "num_seeds": 3,
  "test_summary": {
    "accuracy": {
      "mean": 0.7712625462229266,
      "std": 0.0032989952447957413
    },
    "macro_f1": {
      "mean": 0.7712274216509004,
      "std": 0.0033267925181847866
    },
    "auroc": {
      "mean": 0.8708148311867494,
      "std": 0.004683723457690568
    }
  }
}