{
  "method": "SAPLMA (mlp)",
  "layer_idx": 27,
  "pooling": "last",
  "num_seeds": 3,
  "test_summary": {
    "accuracy": {
      "mean": 0.7670364500792393,
      "std": 0.004192949779817107
    },
    "macro_f1": {
      "mean": 0.7665509711953904,
      "std": 0.004906982675120684
    },
    "auroc": {
      "mean": 0.8682965299684543,
      "std": 0.004849237324834597
    }
  }
}